﻿pos_x,pos_y,rotation,side,designator,mpn,pack,footprint,value,mount_type
38.1,-47.1,180.0,bottom,D1,,,D_DO-35_SOD27_P7.62mm_Horizontal,D,tht
223.8375,-47.1,180.0,bottom,D10,,,D_DO-35_SOD27_P7.62mm_Horizontal,D,tht
242.8875,-47.1,180.0,bottom,D11,,,D_DO-35_SOD27_P7.62mm_Horizontal,D,tht
261.9375,-47.1,180.0,bottom,D12,,,D_DO-35_SOD27_P7.62mm_Horizontal,D,tht
280.9875,-47.1,180.0,bottom,D13,,,D_DO-35_SOD27_P7.62mm_Horizontal,D,tht
310.0,-38.69,-90.0,bottom,D14,,,D_DO-35_SOD27_P7.62mm_Horizontal,D,tht
335.0,-39.88,-90.0,bottom,D15,,,D_DO-35_SOD27_P7.62mm_Horizontal,D,tht
38.1,-70.9125,180.0,bottom,D16,,,D_DO-35_SOD27_P7.62mm_Horizontal,D,tht
57.15,-70.9125,180.0,bottom,D17,,,D_DO-35_SOD27_P7.62mm_Horizontal,D,tht
76.2,-70.9125,180.0,bottom,D18,,,D_DO-35_SOD27_P7.62mm_Horizontal,D,tht
95.25,-70.9125,180.0,bottom,D19,,,D_DO-35_SOD27_P7.62mm_Horizontal,D,tht
61.9125,-47.1,180.0,bottom,D2,,,D_DO-35_SOD27_P7.62mm_Horizontal,D,tht
114.3,-70.9125,180.0,bottom,D20,,,D_DO-35_SOD27_P7.62mm_Horizontal,D,tht
133.35,-70.9125,180.0,bottom,D21,,,D_DO-35_SOD27_P7.62mm_Horizontal,D,tht
152.4,-70.9125,180.0,bottom,D22,,,D_DO-35_SOD27_P7.62mm_Horizontal,D,tht
171.45,-70.9125,180.0,bottom,D23,,,D_DO-35_SOD27_P7.62mm_Horizontal,D,tht
190.5,-70.9125,180.0,bottom,D24,,,D_DO-35_SOD27_P7.62mm_Horizontal,D,tht
209.55,-70.9125,180.0,bottom,D25,,,D_DO-35_SOD27_P7.62mm_Horizontal,D,tht
228.6,-70.9125,180.0,bottom,D26,,,D_DO-35_SOD27_P7.62mm_Horizontal,D,tht
247.65,-70.9125,180.0,bottom,D27,,,D_DO-35_SOD27_P7.62mm_Horizontal,D,tht
266.7,-70.9125,180.0,bottom,D28,,,D_DO-35_SOD27_P7.62mm_Horizontal,D,tht
295.275,-70.9125,180.0,bottom,D29,,,D_DO-35_SOD27_P7.62mm_Horizontal,D,tht
80.9625,-47.1,180.0,bottom,D3,,,D_DO-35_SOD27_P7.62mm_Horizontal,D,tht
328.6125,-70.9125,180.0,bottom,D30,,,D_DO-35_SOD27_P7.62mm_Horizontal,D,tht
42.8625,-89.9625,180.0,bottom,D31,,,D_DO-35_SOD27_P7.62mm_Horizontal,D,tht
66.675,-89.9625,180.0,bottom,D32,,,D_DO-35_SOD27_P7.62mm_Horizontal,D,tht
85.725,-89.9625,180.0,bottom,D33,,,D_DO-35_SOD27_P7.62mm_Horizontal,D,tht
104.775,-89.9625,180.0,bottom,D34,,,D_DO-35_SOD27_P7.62mm_Horizontal,D,tht
123.825,-89.9625,180.0,bottom,D35,,,D_DO-35_SOD27_P7.62mm_Horizontal,D,tht
142.875,-89.9625,180.0,bottom,D36,,,D_DO-35_SOD27_P7.62mm_Horizontal,D,tht
161.925,-89.9625,180.0,bottom,D37,,,D_DO-35_SOD27_P7.62mm_Horizontal,D,tht
180.975,-89.9625,180.0,bottom,D38,,,D_DO-35_SOD27_P7.62mm_Horizontal,D,tht
200.025,-89.9625,180.0,bottom,D39,,,D_DO-35_SOD27_P7.62mm_Horizontal,D,tht
100.0125,-47.1,180.0,bottom,D4,,,D_DO-35_SOD27_P7.62mm_Horizontal,D,tht
219.075,-89.9625,180.0,bottom,D40,,,D_DO-35_SOD27_P7.62mm_Horizontal,D,tht
238.125,-89.9625,180.0,bottom,D41,,,D_DO-35_SOD27_P7.62mm_Horizontal,D,tht
257.175,-89.9625,180.0,bottom,D42,,,D_DO-35_SOD27_P7.62mm_Horizontal,D,tht
276.225,-89.9625,180.0,bottom,D43,,,D_DO-35_SOD27_P7.62mm_Horizontal,D,tht
300.0375,-89.9625,180.0,bottom,D44,,,D_DO-35_SOD27_P7.62mm_Horizontal,D,tht
328.6125,-89.9625,180.0,bottom,D45,,,D_DO-35_SOD27_P7.62mm_Horizontal,D,tht
45.24375,-109.0125,180.0,bottom,D46,,,D_DO-35_SOD27_P7.62mm_Horizontal,D,tht
71.4375,-109.0125,180.0,bottom,D47,,,D_DO-35_SOD27_P7.62mm_Horizontal,D,tht
90.4875,-109.0125,180.0,bottom,D48,,,D_DO-35_SOD27_P7.62mm_Horizontal,D,tht
109.5375,-109.0125,180.0,bottom,D49,,,D_DO-35_SOD27_P7.62mm_Horizontal,D,tht
119.0625,-47.1,180.0,bottom,D5,,,D_DO-35_SOD27_P7.62mm_Horizontal,D,tht
128.5875,-109.0125,180.0,bottom,D50,,,D_DO-35_SOD27_P7.62mm_Horizontal,D,tht
147.6375,-109.0125,180.0,bottom,D51,,,D_DO-35_SOD27_P7.62mm_Horizontal,D,tht
166.6875,-109.0125,180.0,bottom,D52,,,D_DO-35_SOD27_P7.62mm_Horizontal,D,tht
185.7375,-109.0125,180.0,bottom,D53,,,D_DO-35_SOD27_P7.62mm_Horizontal,D,tht
204.7875,-109.0125,180.0,bottom,D54,,,D_DO-35_SOD27_P7.62mm_Horizontal,D,tht
223.8375,-109.0125,180.0,bottom,D55,,,D_DO-35_SOD27_P7.62mm_Horizontal,D,tht
242.8875,-109.0125,180.0,bottom,D56,,,D_DO-35_SOD27_P7.62mm_Horizontal,D,tht
261.9375,-109.0125,180.0,bottom,D57,,,D_DO-35_SOD27_P7.62mm_Horizontal,D,tht
292.89375,-109.0125,180.0,bottom,D58,,,D_DO-35_SOD27_P7.62mm_Horizontal,D,tht
328.6125,-109.0125,180.0,bottom,D59,,,D_DO-35_SOD27_P7.62mm_Horizontal,D,tht
142.875,-47.1,180.0,bottom,D6,,,D_DO-35_SOD27_P7.62mm_Horizontal,D,tht
50.00625,-128.0625,180.0,bottom,D60,,,D_DO-35_SOD27_P7.62mm_Horizontal,D,tht
80.9625,-128.0625,180.0,bottom,D61,,,D_DO-35_SOD27_P7.62mm_Horizontal,D,tht
100.0125,-128.0625,180.0,bottom,D62,,,D_DO-35_SOD27_P7.62mm_Horizontal,D,tht
119.0625,-128.0625,180.0,bottom,D63,,,D_DO-35_SOD27_P7.62mm_Horizontal,D,tht
138.1125,-128.0625,180.0,bottom,D64,,,D_DO-35_SOD27_P7.62mm_Horizontal,D,tht
157.1625,-128.0625,180.0,bottom,D65,,,D_DO-35_SOD27_P7.62mm_Horizontal,D,tht
176.2125,-128.0625,180.0,bottom,D66,,,D_DO-35_SOD27_P7.62mm_Horizontal,D,tht
195.2625,-128.0625,180.0,bottom,D67,,,D_DO-35_SOD27_P7.62mm_Horizontal,D,tht
214.3125,-128.0625,180.0,bottom,D68,,,D_DO-35_SOD27_P7.62mm_Horizontal,D,tht
233.3625,-128.0625,180.0,bottom,D69,,,D_DO-35_SOD27_P7.62mm_Horizontal,D,tht
161.925,-47.1,180.0,bottom,D7,,,D_DO-35_SOD27_P7.62mm_Horizontal,D,tht
252.4125,-128.0625,180.0,bottom,D70,,,D_DO-35_SOD27_P7.62mm_Horizontal,D,tht
283.36875,-128.0625,180.0,bottom,D71,,,D_DO-35_SOD27_P7.62mm_Horizontal,D,tht
319.0875,-132.825,180.0,bottom,D72,,,D_DO-35_SOD27_P7.62mm_Horizontal,D,tht
38.1,-147.1125,180.0,bottom,D73,,,D_DO-35_SOD27_P7.62mm_Horizontal,D,tht
57.15,-147.1125,180.0,bottom,D74,,,D_DO-35_SOD27_P7.62mm_Horizontal,D,tht
76.2,-147.1125,180.0,bottom,D75,,,D_DO-35_SOD27_P7.62mm_Horizontal,D,tht
97.63125,-147.1125,180.0,bottom,D76,,,D_DO-35_SOD27_P7.62mm_Horizontal,D,tht
169.06875,-147.1125,180.0,bottom,D77,,,D_DO-35_SOD27_P7.62mm_Horizontal,D,tht
240.50625,-147.1125,180.0,bottom,D78,,,D_DO-35_SOD27_P7.62mm_Horizontal,D,tht
261.9375,-147.1125,180.0,bottom,D79,,,D_DO-35_SOD27_P7.62mm_Horizontal,D,tht
180.975,-47.1,180.0,bottom,D8,,,D_DO-35_SOD27_P7.62mm_Horizontal,D,tht
300.0375,-151.875,180.0,bottom,D80,,,D_DO-35_SOD27_P7.62mm_Horizontal,D,tht
319.0875,-151.875,180.0,bottom,D81,,,D_DO-35_SOD27_P7.62mm_Horizontal,D,tht
338.1375,-151.875,180.0,bottom,D82,,,D_DO-35_SOD27_P7.62mm_Horizontal,D,tht
200.025,-47.1,180.0,bottom,D9,,,D_DO-35_SOD27_P7.62mm_Horizontal,D,tht
38.1,-38.1,0.0,top,SW1,,,SW_Cherry_MX_1.00u_PCB,esc,tht
223.8375,-38.1,0.0,top,SW10,,,SW_Cherry_MX_1.00u_PCB,f9,tht
297.5,-49.75,90.0,top,SW101,,,RotaryEncoder_Alps_EC11E-Switch_Vertical_H20mm,RotaryEncoder_Switch,tht
320.0,-49.75,90.0,top,SW102,,,RotaryEncoder_Alps_EC11E-Switch_Vertical_H20mm,RotaryEncoder_Switch,tht
242.8875,-38.1,0.0,top,SW11,,,SW_Cherry_MX_1.00u_PCB,f10,tht
261.9375,-38.1,0.0,top,SW12,,,SW_Cherry_MX_1.00u_PCB,f11,tht
280.9875,-38.1,0.0,top,SW13,,,SW_Cherry_MX_1.00u_PCB,f12,tht
38.1,-61.9125,0.0,top,SW14,,,SW_Cherry_MX_1.00u_PCB,`~,tht
57.15,-61.9125,0.0,top,SW15,,,SW_Cherry_MX_1.00u_PCB,1!,tht
76.2,-61.9125,0.0,top,SW16,,,SW_Cherry_MX_1.00u_PCB,2@,tht
95.25,-61.9125,0.0,top,SW17,,,SW_Cherry_MX_1.00u_PCB,3#,tht
114.3,-61.9125,0.0,top,SW18,,,SW_Cherry_MX_1.00u_PCB,4$,tht
133.35,-61.9125,0.0,top,SW19,,,SW_Cherry_MX_1.00u_PCB,5%,tht
61.9125,-38.1,0.0,top,SW2,,,SW_Cherry_MX_1.00u_PCB,f1,tht
152.4,-61.9125,0.0,top,SW20,,,SW_Cherry_MX_1.00u_PCB,6^,tht
171.45,-61.9125,0.0,top,SW21,,,SW_Cherry_MX_1.00u_PCB,7&,tht
190.5,-61.9125,0.0,top,SW22,,,SW_Cherry_MX_1.00u_PCB,8*,tht
209.55,-61.9125,0.0,top,SW23,,,SW_Cherry_MX_1.00u_PCB,9(,tht
228.6,-61.9125,0.0,top,SW24,,,SW_Cherry_MX_1.00u_PCB,0),tht
247.65,-61.9125,0.0,top,SW25,,,SW_Cherry_MX_1.00u_PCB,-_,tht
266.7,-61.9125,0.0,top,SW26,,,SW_Cherry_MX_1.00u_PCB,=+,tht
295.275,-61.9125,0.0,top,SW27,,,SW_Cherry_MX_2.00u_PCB,delete,tht
328.6125,-61.9125,0.0,top,SW28,,,SW_Cherry_MX_1.00u_PCB,home,tht
42.8625,-80.9625,0.0,top,SW29,,,SW_Cherry_MX_1.50u_PCB,tab,tht
80.9625,-38.1,0.0,top,SW3,,,SW_Cherry_MX_1.00u_PCB,f2,tht
66.675,-80.9625,0.0,top,SW30,,,SW_Cherry_MX_1.00u_PCB,q,tht
85.725,-80.9625,0.0,top,SW31,,,SW_Cherry_MX_1.00u_PCB,w,tht
104.775,-80.9625,0.0,top,SW32,,,SW_Cherry_MX_1.00u_PCB,e,tht
123.825,-80.9625,0.0,top,SW33,,,SW_Cherry_MX_1.00u_PCB,r,tht
142.875,-80.9625,0.0,top,SW34,,,SW_Cherry_MX_1.00u_PCB,t,tht
161.925,-80.9625,0.0,top,SW35,,,SW_Cherry_MX_1.00u_PCB,y,tht
180.975,-80.9625,0.0,top,SW36,,,SW_Cherry_MX_1.00u_PCB,u,tht
200.025,-80.9625,0.0,top,SW37,,,SW_Cherry_MX_1.00u_PCB,i,tht
219.075,-80.9625,0.0,top,SW38,,,SW_Cherry_MX_1.00u_PCB,o,tht
238.125,-80.9625,0.0,top,SW39,,,SW_Cherry_MX_1.00u_PCB,p,tht
100.0125,-38.1,0.0,top,SW4,,,SW_Cherry_MX_1.00u_PCB,f3,tht
257.175,-80.9625,0.0,top,SW40,,,SW_Cherry_MX_1.00u_PCB,[{,tht
276.225,-80.9625,0.0,top,SW41,,,SW_Cherry_MX_1.00u_PCB,}],tht
300.0375,-80.9625,0.0,top,SW42,,,SW_Cherry_MX_1.50u_PCB,\|,tht
328.6125,-80.9625,0.0,top,SW43,,,SW_Cherry_MX_1.00u_PCB,up,tht
45.24375,-100.0125,0.0,top,SW44,,,SW_Cherry_MX_1.75u_PCB,caps lock,tht
71.4375,-100.0125,0.0,top,SW45,,,SW_Cherry_MX_1.00u_PCB,a,tht
90.4875,-100.0125,0.0,top,SW46,,,SW_Cherry_MX_1.00u_PCB,s,tht
109.5375,-100.0125,0.0,top,SW47,,,SW_Cherry_MX_1.00u_PCB,d,tht
128.5875,-100.0125,0.0,top,SW48,,,SW_Cherry_MX_1.00u_PCB,f,tht
147.6375,-100.0125,0.0,top,SW49,,,SW_Cherry_MX_1.00u_PCB,g,tht
119.0625,-38.1,0.0,top,SW5,,,SW_Cherry_MX_1.00u_PCB,f4,tht
166.6875,-100.0125,0.0,top,SW50,,,SW_Cherry_MX_1.00u_PCB,h,tht
185.7375,-100.0125,0.0,top,SW51,,,SW_Cherry_MX_1.00u_PCB,j,tht
204.7875,-100.0125,0.0,top,SW52,,,SW_Cherry_MX_1.00u_PCB,k,tht
223.8375,-100.0125,0.0,top,SW53,,,SW_Cherry_MX_1.00u_PCB,l,tht
242.8875,-100.0125,0.0,top,SW54,,,SW_Cherry_MX_1.00u_PCB,;:,tht
261.9375,-100.0125,0.0,top,SW55,,,SW_Cherry_MX_1.00u_PCB,"'""",tht
292.89375,-100.0125,0.0,top,SW56,,,SW_Cherry_MX_2.25u_PCB,return,tht
328.6125,-100.0125,0.0,top,SW57,,,SW_Cherry_MX_1.00u_PCB,down,tht
50.00625,-119.0625,0.0,top,SW58,,,SW_Cherry_MX_2.25u_PCB,shift l,tht
80.9625,-119.0625,0.0,top,SW59,,,SW_Cherry_MX_1.00u_PCB,z,tht
142.875,-38.1,0.0,top,SW6,,,SW_Cherry_MX_1.00u_PCB,f5,tht
100.0125,-119.0625,0.0,top,SW60,,,SW_Cherry_MX_1.00u_PCB,x,tht
119.0625,-119.0625,0.0,top,SW61,,,SW_Cherry_MX_1.00u_PCB,c,tht
138.1125,-119.0625,0.0,top,SW62,,,SW_Cherry_MX_1.00u_PCB,v,tht
157.1625,-119.0625,0.0,top,SW63,,,SW_Cherry_MX_1.00u_PCB,b,tht
176.2125,-119.0625,0.0,top,SW64,,,SW_Cherry_MX_1.00u_PCB,n,tht
195.2625,-119.0625,0.0,top,SW65,,,SW_Cherry_MX_1.00u_PCB,m,tht
214.3125,-119.0625,0.0,top,SW66,,,SW_Cherry_MX_1.00u_PCB,",<",tht
233.3625,-119.0625,0.0,top,SW67,,,SW_Cherry_MX_1.00u_PCB,.>,tht
252.4125,-119.0625,0.0,top,SW68,,,SW_Cherry_MX_1.00u_PCB,/?,tht
283.36875,-119.0625,0.0,top,SW69,,,SW_Cherry_MX_2.25u_PCB,shift r,tht
161.925,-38.1,0.0,top,SW7,,,SW_Cherry_MX_1.00u_PCB,f6,tht
319.0875,-123.825,0.0,top,SW70,,,SW_Cherry_MX_1.00u_PCB,up,tht
38.1,-138.1125,0.0,top,SW71,,,SW_Cherry_MX_1.00u_PCB,fn,tht
57.15,-138.1125,0.0,top,SW72,,,SW_Cherry_MX_1.00u_PCB,control,tht
76.2,-138.1125,0.0,top,SW73,,,SW_Cherry_MX_1.00u_PCB,option l,tht
97.63125,-138.1125,0.0,top,SW74,,,SW_Cherry_MX_1.25u_PCB,command l,tht
169.06875,-138.1125,0.0,top,SW75,,,SW_Cherry_MX_6.25u_PCB,space,tht
240.50625,-138.1125,0.0,top,SW76,,,SW_Cherry_MX_1.25u_PCB,cmd r,tht
261.9375,-138.1125,0.0,top,SW77,,,SW_Cherry_MX_1.00u_PCB,option r,tht
300.0375,-142.875,0.0,top,SW78,,,SW_Cherry_MX_1.00u_PCB,left,tht
319.0875,-142.875,0.0,top,SW79,,,SW_Cherry_MX_1.00u_PCB,down,tht
180.975,-38.1,0.0,top,SW8,,,SW_Cherry_MX_1.00u_PCB,f7,tht
338.1375,-142.875,0.0,top,SW80,,,SW_Cherry_MX_1.00u_PCB,right,tht
200.025,-38.1,0.0,top,SW9,,,SW_Cherry_MX_1.00u_PCB,f8,tht
16.78,-33.92,180.0,bottom,U1,,,RaspberryPi_Pico_Common_THT,~,tht
