﻿Designator,Quantity,Value,Footprint,Package,MPN,DNP,Mount_Type,Description,Sim.Device,Sim.Pins
"D1, D10, D11, D12, D13, D14, D15, D16, D17, D18, D19, D2, D20, D21, D22, D23, D24, D25, D26, D27, D28, D29, D3, D30, D31, D32, D33, D34, D35, D36, D37, D38, D39, D4, D40, D41, D42, D43, D44, D45, D46, D47, D48, D49, D5, D50, D51, D52, D53, D54, D55, D56, D57, D58, D59, D6, D60, D61, D62, D63, D64, D65, D66, D67, D68, D69, D7, D70, D71, D72, D73, D74, D75, D76, D77, D78, D79, D8, D80, D81, D82, D9",82,D,D_DO-35_SOD27_P7.62mm_Horizontal,,,,tht,Diode,D,1=K 2=A
SW1,1,esc,SW_Cherry_MX_1.00u_PCB,,,,tht,"Push button switch, generic, two pins",,
SW10,1,f9,SW_Cherry_MX_1.00u_PCB,,,,tht,"Push button switch, generic, two pins",,
"SW101, SW102",2,RotaryEncoder_Switch,RotaryEncoder_Alps_EC11E-Switch_Vertical_H20mm,,,,tht,"Rotary encoder, dual channel, incremental quadrate outputs, with switch",,
SW11,1,f10,SW_Cherry_MX_1.00u_PCB,,,,tht,"Push button switch, generic, two pins",,
SW12,1,f11,SW_Cherry_MX_1.00u_PCB,,,,tht,"Push button switch, generic, two pins",,
SW13,1,f12,SW_Cherry_MX_1.00u_PCB,,,,tht,"Push button switch, generic, two pins",,
SW14,1,`~,SW_Cherry_MX_1.00u_PCB,,,,tht,"Push button switch, generic, two pins",,
SW15,1,1!,SW_Cherry_MX_1.00u_PCB,,,,tht,"Push button switch, generic, two pins",,
SW16,1,2@,SW_Cherry_MX_1.00u_PCB,,,,tht,"Push button switch, generic, two pins",,
SW17,1,3#,SW_Cherry_MX_1.00u_PCB,,,,tht,"Push button switch, generic, two pins",,
SW18,1,4$,SW_Cherry_MX_1.00u_PCB,,,,tht,"Push button switch, generic, two pins",,
SW19,1,5%,SW_Cherry_MX_1.00u_PCB,,,,tht,"Push button switch, generic, two pins",,
SW2,1,f1,SW_Cherry_MX_1.00u_PCB,,,,tht,"Push button switch, generic, two pins",,
SW20,1,6^,SW_Cherry_MX_1.00u_PCB,,,,tht,"Push button switch, generic, two pins",,
SW21,1,7&,SW_Cherry_MX_1.00u_PCB,,,,tht,"Push button switch, generic, two pins",,
SW22,1,8*,SW_Cherry_MX_1.00u_PCB,,,,tht,"Push button switch, generic, two pins",,
SW23,1,9(,SW_Cherry_MX_1.00u_PCB,,,,tht,"Push button switch, generic, two pins",,
SW24,1,0),SW_Cherry_MX_1.00u_PCB,,,,tht,"Push button switch, generic, two pins",,
SW25,1,-_,SW_Cherry_MX_1.00u_PCB,,,,tht,"Push button switch, generic, two pins",,
SW26,1,=+,SW_Cherry_MX_1.00u_PCB,,,,tht,"Push button switch, generic, two pins",,
SW27,1,delete,SW_Cherry_MX_2.00u_PCB,,,,tht,"Push button switch, generic, two pins",,
SW28,1,home,SW_Cherry_MX_1.00u_PCB,,,,tht,"Push button switch, generic, two pins",,
SW29,1,tab,SW_Cherry_MX_1.50u_PCB,,,,tht,"Push button switch, generic, two pins",,
SW3,1,f2,SW_Cherry_MX_1.00u_PCB,,,,tht,"Push button switch, generic, two pins",,
SW30,1,q,SW_Cherry_MX_1.00u_PCB,,,,tht,"Push button switch, generic, two pins",,
SW31,1,w,SW_Cherry_MX_1.00u_PCB,,,,tht,"Push button switch, generic, two pins",,
SW32,1,e,SW_Cherry_MX_1.00u_PCB,,,,tht,"Push button switch, generic, two pins",,
SW33,1,r,SW_Cherry_MX_1.00u_PCB,,,,tht,"Push button switch, generic, two pins",,
SW34,1,t,SW_Cherry_MX_1.00u_PCB,,,,tht,"Push button switch, generic, two pins",,
SW35,1,y,SW_Cherry_MX_1.00u_PCB,,,,tht,"Push button switch, generic, two pins",,
SW36,1,u,SW_Cherry_MX_1.00u_PCB,,,,tht,"Push button switch, generic, two pins",,
SW37,1,i,SW_Cherry_MX_1.00u_PCB,,,,tht,"Push button switch, generic, two pins",,
SW38,1,o,SW_Cherry_MX_1.00u_PCB,,,,tht,"Push button switch, generic, two pins",,
SW39,1,p,SW_Cherry_MX_1.00u_PCB,,,,tht,"Push button switch, generic, two pins",,
SW4,1,f3,SW_Cherry_MX_1.00u_PCB,,,,tht,"Push button switch, generic, two pins",,
SW40,1,[{,SW_Cherry_MX_1.00u_PCB,,,,tht,"Push button switch, generic, two pins",,
SW41,1,}],SW_Cherry_MX_1.00u_PCB,,,,tht,"Push button switch, generic, two pins",,
SW42,1,\|,SW_Cherry_MX_1.50u_PCB,,,,tht,"Push button switch, generic, two pins",,
"SW43, SW70",2,up,SW_Cherry_MX_1.00u_PCB,,,,tht,"Push button switch, generic, two pins",,
SW44,1,caps lock,SW_Cherry_MX_1.75u_PCB,,,,tht,"Push button switch, generic, two pins",,
SW45,1,a,SW_Cherry_MX_1.00u_PCB,,,,tht,"Push button switch, generic, two pins",,
SW46,1,s,SW_Cherry_MX_1.00u_PCB,,,,tht,"Push button switch, generic, two pins",,
SW47,1,d,SW_Cherry_MX_1.00u_PCB,,,,tht,"Push button switch, generic, two pins",,
SW48,1,f,SW_Cherry_MX_1.00u_PCB,,,,tht,"Push button switch, generic, two pins",,
SW49,1,g,SW_Cherry_MX_1.00u_PCB,,,,tht,"Push button switch, generic, two pins",,
SW5,1,f4,SW_Cherry_MX_1.00u_PCB,,,,tht,"Push button switch, generic, two pins",,
SW50,1,h,SW_Cherry_MX_1.00u_PCB,,,,tht,"Push button switch, generic, two pins",,
SW51,1,j,SW_Cherry_MX_1.00u_PCB,,,,tht,"Push button switch, generic, two pins",,
SW52,1,k,SW_Cherry_MX_1.00u_PCB,,,,tht,"Push button switch, generic, two pins",,
SW53,1,l,SW_Cherry_MX_1.00u_PCB,,,,tht,"Push button switch, generic, two pins",,
SW54,1,;:,SW_Cherry_MX_1.00u_PCB,,,,tht,"Push button switch, generic, two pins",,
SW55,1,"'""",SW_Cherry_MX_1.00u_PCB,,,,tht,"Push button switch, generic, two pins",,
SW56,1,return,SW_Cherry_MX_2.25u_PCB,,,,tht,"Push button switch, generic, two pins",,
"SW57, SW79",2,down,SW_Cherry_MX_1.00u_PCB,,,,tht,"Push button switch, generic, two pins",,
SW58,1,shift l,SW_Cherry_MX_2.25u_PCB,,,,tht,"Push button switch, generic, two pins",,
SW59,1,z,SW_Cherry_MX_1.00u_PCB,,,,tht,"Push button switch, generic, two pins",,
SW6,1,f5,SW_Cherry_MX_1.00u_PCB,,,,tht,"Push button switch, generic, two pins",,
SW60,1,x,SW_Cherry_MX_1.00u_PCB,,,,tht,"Push button switch, generic, two pins",,
SW61,1,c,SW_Cherry_MX_1.00u_PCB,,,,tht,"Push button switch, generic, two pins",,
SW62,1,v,SW_Cherry_MX_1.00u_PCB,,,,tht,"Push button switch, generic, two pins",,
SW63,1,b,SW_Cherry_MX_1.00u_PCB,,,,tht,"Push button switch, generic, two pins",,
SW64,1,n,SW_Cherry_MX_1.00u_PCB,,,,tht,"Push button switch, generic, two pins",,
SW65,1,m,SW_Cherry_MX_1.00u_PCB,,,,tht,"Push button switch, generic, two pins",,
SW66,1,",<",SW_Cherry_MX_1.00u_PCB,,,,tht,"Push button switch, generic, two pins",,
SW67,1,.>,SW_Cherry_MX_1.00u_PCB,,,,tht,"Push button switch, generic, two pins",,
SW68,1,/?,SW_Cherry_MX_1.00u_PCB,,,,tht,"Push button switch, generic, two pins",,
SW69,1,shift r,SW_Cherry_MX_2.25u_PCB,,,,tht,"Push button switch, generic, two pins",,
SW7,1,f6,SW_Cherry_MX_1.00u_PCB,,,,tht,"Push button switch, generic, two pins",,
SW71,1,fn,SW_Cherry_MX_1.00u_PCB,,,,tht,"Push button switch, generic, two pins",,
SW72,1,control,SW_Cherry_MX_1.00u_PCB,,,,tht,"Push button switch, generic, two pins",,
SW73,1,option l,SW_Cherry_MX_1.00u_PCB,,,,tht,"Push button switch, generic, two pins",,
SW74,1,command l,SW_Cherry_MX_1.25u_PCB,,,,tht,"Push button switch, generic, two pins",,
SW75,1,space,SW_Cherry_MX_6.25u_PCB,,,,tht,"Push button switch, generic, two pins",,
SW76,1,cmd r,SW_Cherry_MX_1.25u_PCB,,,,tht,"Push button switch, generic, two pins",,
SW77,1,option r,SW_Cherry_MX_1.00u_PCB,,,,tht,"Push button switch, generic, two pins",,
SW78,1,left,SW_Cherry_MX_1.00u_PCB,,,,tht,"Push button switch, generic, two pins",,
SW8,1,f7,SW_Cherry_MX_1.00u_PCB,,,,tht,"Push button switch, generic, two pins",,
SW80,1,right,SW_Cherry_MX_1.00u_PCB,,,,tht,"Push button switch, generic, two pins",,
SW9,1,f8,SW_Cherry_MX_1.00u_PCB,,,,tht,"Push button switch, generic, two pins",,
U1,1,~,RaspberryPi_Pico_Common_THT,,,,tht,,,
